Scenario,Accuracy,F1,AUC
Baseline (Simple Fill),0.49149560117302055,0.46115599751398384,0.5072796003553887
Smart Imputation,0.48392752776154296,0.41015364061456244,0.5018899895724713
Outlier Removal,0.4739214423696072,0.5225014611338399,0.47642011240465676
Scaled Data,0.5189947399181765,0.48594628357276703,0.5166272231489623
All Combined,0.501609787508049,0.5057471264367817,0.49748803229196203
