Column,Null_Count,Null_Percentage
GDP,30,0.34403669724770647
CPI,9,0.10321100917431193
Unemployment_Rate,9,0.10321100917431193
